"","side","start","end","duration_sec","date","startT","endT"
"1","right","2019-03-17 01:45:00.000-0400","2019-03-17 01:55:00.000-0400","600","2019-03-17","01:45:00","01:55:00"
"2","left","2019-03-17 04:30:00.000-0400","2019-03-17 04:45:00.000-0400","900","2019-03-17","04:30:00","04:45:00"
"3","right","2019-03-17 05:20:00.000-0400","2019-03-17 05:30:38.000-0400","638","2019-03-17","05:20:00","05:30:38"
"4","left","2019-03-17 10:39:00.000-0400","2019-03-17 10:55:53.000-0400","1013","2019-03-17","10:39:00","10:55:53"
"5","right","2019-03-17 13:59:00.000-0400","2019-03-17 14:05:35.000-0400","395","2019-03-17","13:59:00","14:05:35"
"6","left","2019-03-17 17:01:00.000-0400","2019-03-17 17:05:40.000-0400","280","2019-03-17","17:01:00","17:05:40"
"7","right","2019-03-17 18:07:00.000-0400","2019-03-17 18:20:17.000-0400","797","2019-03-17","18:07:00","18:20:17"
"8","both","2019-03-17 22:15:00.000-0400","2019-03-17 22:45:31.000-0400","1831","2019-03-17","22:15:00","22:45:31"
"9","left","2019-03-18 00:20:00.000-0400","2019-03-18 00:30:00.000-0400","600","2019-03-18","00:20:00","00:30:00"
"10","right","2019-03-18 04:50:00.000-0400","2019-03-18 05:15:50.000-0400","1550","2019-03-18","04:50:00","05:15:50"
"11","left","2019-03-18 06:05:00.000-0400","2019-03-18 06:30:47.000-0400","1547","2019-03-18","06:05:00","06:30:47"
"12","right","2019-03-18 09:45:00.000-0400","2019-03-18 10:10:09.000-0400","1509","2019-03-18","09:45:00","10:10:09"
"13","left","2019-03-18 12:05:00.000-0400","2019-03-18 12:30:38.000-0400","1538","2019-03-18","12:05:00","12:30:38"
"14","right","2019-03-18 13:06:00.000-0400","2019-03-18 13:15:14.000-0400","554","2019-03-18","13:06:00","13:15:14"
"15","right","2019-03-18 14:10:00.000-0400","2019-03-18 14:25:28.000-0400","928","2019-03-18","14:10:00","14:25:28"
"16","left","2019-03-18 16:55:00.000-0400","2019-03-18 17:10:50.000-0400","950","2019-03-18","16:55:00","17:10:50"
"17","right","2019-03-18 19:35:00.000-0400","2019-03-18 20:05:14.000-0400","1814","2019-03-18","19:35:00","20:05:14"
"18","left","2019-03-18 21:40:00.000-0400","2019-03-18 22:05:03.000-0400","1503","2019-03-18","21:40:00","22:05:03"
"19","right","2019-03-18 22:36:00.000-0400","2019-03-18 22:50:00.000-0400","840","2019-03-18","22:36:00","22:50:00"
"20","right","2019-03-19 00:12:00.000-0400","2019-03-19 00:30:32.000-0400","1112","2019-03-19","00:12:00","00:30:32"
"21","left","2019-03-19 01:09:00.000-0400","2019-03-19 01:20:08.000-0400","668","2019-03-19","01:09:00","01:20:08"
"22","right","2019-03-19 01:47:00.000-0400","2019-03-19 02:00:51.000-0400","831","2019-03-19","01:47:00","02:00:51"
"23","left","2019-03-19 06:15:00.000-0400","2019-03-19 06:35:12.000-0400","1212","2019-03-19","06:15:00","06:35:12"
"24","right","2019-03-19 07:05:00.000-0400","2019-03-19 07:20:00.000-0400","900","2019-03-19","07:05:00","07:20:00"
"25","left","2019-03-19 10:07:00.000-0400","2019-03-19 10:20:29.000-0400","809","2019-03-19","10:07:00","10:20:29"
"26","right","2019-03-19 10:32:00.000-0400","2019-03-19 11:10:18.000-0400","2298","2019-03-19","10:32:00","11:10:18"
"27","left","2019-03-19 13:00:00.000-0400","2019-03-19 13:15:35.000-0400","935","2019-03-19","13:00:00","13:15:35"
"28","right","2019-03-19 14:04:00.000-0400","2019-03-19 14:15:36.000-0400","696","2019-03-19","14:04:00","14:15:36"
"29","left","2019-03-19 17:10:00.000-0400","2019-03-19 17:25:33.000-0400","933","2019-03-19","17:10:00","17:25:33"
"30","right","2019-03-19 20:06:00.000-0400","2019-03-19 20:25:06.000-0400","1146","2019-03-19","20:06:00","20:25:06"
"31","left","2019-03-19 20:30:00.000-0400","2019-03-19 20:55:17.000-0400","1517","2019-03-19","20:30:00","20:55:17"
"32","right","2019-03-19 22:40:00.000-0400","2019-03-19 22:55:08.000-0400","908","2019-03-19","22:40:00","22:55:08"
"33","left","2019-03-19 23:55:00.000-0400","2019-03-20 00:10:57.000-0400","957","2019-03-19","23:55:00","00:10:57"
"34","left","2019-03-20 00:40:00.000-0400","2019-03-20 00:55:21.000-0400","921","2019-03-20","00:40:00","00:55:21"
"35","right","2019-03-20 02:50:00.000-0400","2019-03-20 03:15:44.000-0400","1544","2019-03-20","02:50:00","03:15:44"
"36","left","2019-03-20 03:40:00.000-0400","2019-03-20 04:00:47.000-0400","1247","2019-03-20","03:40:00","04:00:47"
"37","right","2019-03-20 05:51:00.000-0400","2019-03-20 06:05:45.000-0400","885","2019-03-20","05:51:00","06:05:45"
"38","left","2019-03-20 06:54:00.000-0400","2019-03-20 07:05:36.000-0400","696","2019-03-20","06:54:00","07:05:36"
"39","left","2019-03-20 08:20:00.000-0400","2019-03-20 08:35:54.000-0400","954","2019-03-20","08:20:00","08:35:54"
"40","right","2019-03-20 10:45:00.000-0400","2019-03-20 11:00:02.000-0400","902","2019-03-20","10:45:00","11:00:02"
"41","left","2019-03-20 12:35:00.000-0400","2019-03-20 12:50:35.000-0400","935","2019-03-20","12:35:00","12:50:35"
"42","right","2019-03-20 16:15:00.000-0400","2019-03-20 16:45:08.000-0400","1808","2019-03-20","16:15:00","16:45:08"
"43","left","2019-03-20 18:28:00.000-0400","2019-03-20 18:45:44.000-0400","1064","2019-03-20","18:28:00","18:45:44"
"44","right","2019-03-20 19:26:00.000-0400","2019-03-20 19:40:24.000-0400","864","2019-03-20","19:26:00","19:40:24"
"45","left","2019-03-20 21:45:00.000-0400","2019-03-20 21:55:03.000-0400","603","2019-03-20","21:45:00","21:55:03"
"46","right","2019-03-20 22:15:00.000-0400","2019-03-20 22:30:12.000-0400","912","2019-03-20","22:15:00","22:30:12"
"47","left","2019-03-21 00:54:00.000-0400","2019-03-21 01:20:37.000-0400","1597","2019-03-21","00:54:00","01:20:37"
"48","right","2019-03-21 01:35:00.000-0400","2019-03-21 01:55:27.000-0400","1227","2019-03-21","01:35:00","01:55:27"
"49","left","2019-03-21 04:06:00.000-0400","2019-03-21 04:15:30.000-0400","570","2019-03-21","04:06:00","04:15:30"
"50","right","2019-03-21 04:39:00.000-0400","2019-03-21 04:55:44.000-0400","1004","2019-03-21","04:39:00","04:55:44"
"51","left","2019-03-21 07:55:00.000-0400","2019-03-21 08:05:06.000-0400","606","2019-03-21","07:55:00","08:05:06"
"52","right","2019-03-21 08:25:00.000-0400","2019-03-21 08:35:04.000-0400","604","2019-03-21","08:25:00","08:35:04"
"53","left","2019-03-21 10:35:00.000-0400","2019-03-21 10:50:21.000-0400","921","2019-03-21","10:35:00","10:50:21"
"54","right","2019-03-21 11:44:00.000-0400","2019-03-21 12:05:45.000-0400","1305","2019-03-21","11:44:00","12:05:45"
"55","left","2019-03-21 13:50:00.000-0400","2019-03-21 14:10:44.000-0400","1244","2019-03-21","13:50:00","14:10:44"
"56","right","2019-03-21 14:30:00.000-0400","2019-03-21 14:50:35.000-0400","1235","2019-03-21","14:30:00","14:50:35"
"57","left","2019-03-21 16:42:00.000-0400","2019-03-21 16:55:49.000-0400","829","2019-03-21","16:42:00","16:55:49"
"58","right","2019-03-21 17:02:00.000-0400","2019-03-21 17:20:45.000-0400","1125","2019-03-21","17:02:00","17:20:45"
"59","left","2019-03-21 19:28:00.000-0400","2019-03-21 19:45:24.000-0400","1044","2019-03-21","19:28:00","19:45:24"
"60","right","2019-03-21 19:59:00.000-0400","2019-03-21 20:15:34.000-0400","994","2019-03-21","19:59:00","20:15:34"
"61","right","2019-03-21 21:58:00.000-0400","2019-03-21 22:15:36.000-0400","1056","2019-03-21","21:58:00","22:15:36"
"62","left","2019-03-21 22:25:00.000-0400","2019-03-21 22:45:15.000-0400","1215","2019-03-21","22:25:00","22:45:15"
"63","left","2019-03-22 01:53:00.000-0400","2019-03-22 02:10:23.000-0400","1043","2019-03-22","01:53:00","02:10:23"
"64","right","2019-03-22 02:20:00.000-0400","2019-03-22 02:50:07.000-0400","1807","2019-03-22","02:20:00","02:50:07"
"65","left","2019-03-22 05:34:00.000-0400","2019-03-22 06:00:16.000-0400","1576","2019-03-22","05:34:00","06:00:16"
"66","right","2019-03-22 08:30:00.000-0400","2019-03-22 08:55:44.000-0400","1544","2019-03-22","08:30:00","08:55:44"
"67","left","2019-03-22 10:58:00.000-0400","2019-03-22 11:25:05.000-0400","1625","2019-03-22","10:58:00","11:25:05"
"68","right","2019-03-22 12:02:00.000-0400","2019-03-22 12:20:56.000-0400","1136","2019-03-22","12:02:00","12:20:56"
"69","left","2019-03-22 14:01:00.000-0400","2019-03-22 14:15:46.000-0400","886","2019-03-22","14:01:00","14:15:46"
"70","right","2019-03-22 14:30:00.000-0400","2019-03-22 14:45:46.000-0400","946","2019-03-22","14:30:00","14:45:46"
"71","right","2019-03-22 16:51:00.000-0400","2019-03-22 17:10:39.000-0400","1179","2019-03-22","16:51:00","17:10:39"
"72","left","2019-03-22 17:29:00.000-0400","2019-03-22 17:35:45.000-0400","405","2019-03-22","17:29:00","17:35:45"
"73","left","2019-03-22 19:30:00.000-0400","2019-03-22 19:50:29.000-0400","1229","2019-03-22","19:30:00","19:50:29"
"74","right","2019-03-22 20:20:00.000-0400","2019-03-22 20:35:35.000-0400","935","2019-03-22","20:20:00","20:35:35"
"75","right","2019-03-22 23:29:00.000-0400","2019-03-22 23:45:18.000-0400","978","2019-03-22","23:29:00","23:45:18"
"76","left","2019-03-23 00:00:00.000-0400","2019-03-23 00:15:03.000-0400","903","2019-03-23","00:00:00","00:15:03"
"77","left","2019-03-23 02:54:00.000-0400","2019-03-23 03:05:11.000-0400","671","2019-03-23","02:54:00","03:05:11"
"78","right","2019-03-23 03:29:00.000-0400","2019-03-23 03:40:28.000-0400","688","2019-03-23","03:29:00","03:40:28"
"79","right","2019-03-23 06:27:00.000-0400","2019-03-23 06:40:01.000-0400","781","2019-03-23","06:27:00","06:40:01"
"80","left","2019-03-23 06:54:00.000-0400","2019-03-23 07:10:54.000-0400","1014","2019-03-23","06:54:00","07:10:54"
"81","left","2019-03-23 09:45:00.000-0400","2019-03-23 10:00:44.000-0400","944","2019-03-23","09:45:00","10:00:44"
"82","right","2019-03-23 10:20:00.000-0400","2019-03-23 10:40:25.000-0400","1225","2019-03-23","10:20:00","10:40:25"
"83","right","2019-03-23 13:06:00.000-0400","2019-03-23 13:20:36.000-0400","876","2019-03-23","13:06:00","13:20:36"
"84","left","2019-03-23 14:05:00.000-0400","2019-03-23 14:15:06.000-0400","606","2019-03-23","14:05:00","14:15:06"
"85","left","2019-03-23 16:02:00.000-0400","2019-03-23 16:15:01.000-0400","781","2019-03-23","16:02:00","16:15:01"
"86","right","2019-03-23 16:41:00.000-0400","2019-03-23 17:10:48.000-0400","1788","2019-03-23","16:41:00","17:10:48"
"87","left","2019-03-23 19:45:00.000-0400","2019-03-23 20:00:31.000-0400","931","2019-03-23","19:45:00","20:00:31"
"88","right","2019-03-23 20:25:00.000-0400","2019-03-23 20:35:18.000-0400","618","2019-03-23","20:25:00","20:35:18"
"89","right","2019-03-23 21:03:00.000-0400","2019-03-23 21:20:52.000-0400","1072","2019-03-23","21:03:00","21:20:52"
"90","left","2019-03-23 23:14:00.000-0400","2019-03-23 23:30:51.000-0400","1011","2019-03-23","23:14:00","23:30:51"
"91","right","2019-03-23 23:40:00.000-0400","2019-03-23 23:50:36.000-0400","636","2019-03-23","23:40:00","23:50:36"
"92","right","2019-03-24 01:40:00.000-0400","2019-03-24 01:50:29.000-0400","629","2019-03-24","01:40:00","01:50:29"
"93","left","2019-03-24 02:10:00.000-0400","2019-03-24 02:30:58.000-0400","1258","2019-03-24","02:10:00","02:30:58"
"94","right","2019-03-24 04:49:00.000-0400","2019-03-24 05:00:02.000-0400","662","2019-03-24","04:49:00","05:00:02"
"95","left","2019-03-24 05:20:00.000-0400","2019-03-24 05:35:32.000-0400","932","2019-03-24","05:20:00","05:35:32"
"96","left","2019-03-24 07:29:00.000-0400","2019-03-24 07:45:41.000-0400","1001","2019-03-24","07:29:00","07:45:41"
"97","right","2019-03-24 08:01:00.000-0400","2019-03-24 08:15:24.000-0400","864","2019-03-24","08:01:00","08:15:24"
"98","right","2019-03-24 08:25:00.000-0400","2019-03-24 08:40:11.000-0400","911","2019-03-24","08:25:00","08:40:11"
"99","left","2019-03-24 11:59:00.000-0400","2019-03-24 12:20:50.000-0400","1310","2019-03-24","11:59:00","12:20:50"
"100","right","2019-03-24 12:33:00.000-0400","2019-03-24 12:40:32.000-0400","452","2019-03-24","12:33:00","12:40:32"
"101","left","2019-03-24 14:30:00.000-0400","2019-03-24 14:45:42.000-0400","942","2019-03-24","14:30:00","14:45:42"
"102","right","2019-03-24 15:07:00.000-0400","2019-03-24 15:20:14.000-0400","794","2019-03-24","15:07:00","15:20:14"
"103","left","2019-03-24 18:00:00.000-0400","2019-03-24 18:15:12.000-0400","912","2019-03-24","18:00:00","18:15:12"
"104","right","2019-03-24 18:35:00.000-0400","2019-03-24 18:50:39.000-0400","939","2019-03-24","18:35:00","18:50:39"
"105","left","2019-03-24 19:46:00.000-0400","2019-03-24 20:05:07.000-0400","1147","2019-03-24","19:46:00","20:05:07"
"106","right","2019-03-24 20:30:00.000-0400","2019-03-24 20:40:03.000-0400","603","2019-03-24","20:30:00","20:40:03"
"107","right","2019-03-24 22:20:00.000-0400","2019-03-24 22:30:24.000-0400","624","2019-03-24","22:20:00","22:30:24"
"108","left","2019-03-24 22:40:00.000-0400","2019-03-24 22:50:03.000-0400","603","2019-03-24","22:40:00","22:50:03"
"109","left","2019-03-25 02:59:00.000-0400","2019-03-25 03:10:36.000-0400","696","2019-03-25","02:59:00","03:10:36"
"110","right","2019-03-25 03:32:00.000-0400","2019-03-25 03:45:29.000-0400","809","2019-03-25","03:32:00","03:45:29"
"111","right","2019-03-25 05:40:00.000-0400","2019-03-25 05:50:31.000-0400","631","2019-03-25","05:40:00","05:50:31"
"112","left","2019-03-25 06:10:00.000-0400","2019-03-25 06:25:58.000-0400","958","2019-03-25","06:10:00","06:25:58"
"113","left","2019-03-25 10:20:00.000-0400","2019-03-25 10:40:39.000-0400","1239","2019-03-25","10:20:00","10:40:39"
"114","right","2019-03-25 11:10:00.000-0400","2019-03-25 11:30:00.000-0400","1200","2019-03-25","11:10:00","11:30:00"
"115","right","2019-03-25 14:10:00.000-0400","2019-03-25 14:20:44.000-0400","644","2019-03-25","14:10:00","14:20:44"
"116","left","2019-03-25 16:32:00.000-0400","2019-03-25 16:50:02.000-0400","1082","2019-03-25","16:32:00","16:50:02"
"117","right","2019-03-25 18:10:00.000-0400","2019-03-25 18:30:47.000-0400","1247","2019-03-25","18:10:00","18:30:47"
"118","left","2019-03-25 20:40:00.000-0400","2019-03-25 20:50:32.000-0400","632","2019-03-25","20:40:00","20:50:32"
"119","right","2019-03-25 22:01:00.000-0400","2019-03-25 22:15:05.000-0400","845","2019-03-25","22:01:00","22:15:05"
"120","left","2019-03-25 22:20:00.000-0400","2019-03-25 22:35:57.000-0400","957","2019-03-25","22:20:00","22:35:57"
"121","left","2019-03-26 02:05:00.000-0400","2019-03-26 02:20:10.000-0400","910","2019-03-26","02:05:00","02:20:10"
"122","right","2019-03-26 02:49:00.000-0400","2019-03-26 03:00:47.000-0400","707","2019-03-26","02:49:00","03:00:47"
"123","right","2019-03-26 05:15:00.000-0400","2019-03-26 05:25:29.000-0400","629","2019-03-26","05:15:00","05:25:29"
"124","left","2019-03-26 05:40:00.000-0400","2019-03-26 05:50:40.000-0400","640","2019-03-26","05:40:00","05:50:40"
"125","left","2019-03-26 09:15:00.000-0400","2019-03-26 09:35:48.000-0400","1248","2019-03-26","09:15:00","09:35:48"
"126","right","2019-03-26 09:50:00.000-0400","2019-03-26 10:00:05.000-0400","605","2019-03-26","09:50:00","10:00:05"
"127","right","2019-03-26 12:15:00.000-0400","2019-03-26 12:40:11.000-0400","1511","2019-03-26","12:15:00","12:40:11"
"128","left","2019-03-26 14:25:00.000-0400","2019-03-26 14:35:26.000-0400","626","2019-03-26","14:25:00","14:35:26"
"129","right","2019-03-26 14:40:00.000-0400","2019-03-26 14:50:56.000-0400","656","2019-03-26","14:40:00","14:50:56"
"130","left","2019-03-26 15:40:00.000-0400","2019-03-26 15:50:21.000-0400","621","2019-03-26","15:40:00","15:50:21"
"131","right","2019-03-26 18:30:00.000-0400","2019-03-26 18:45:56.000-0400","956","2019-03-26","18:30:00","18:45:56"
"132","left","2019-03-26 19:05:00.000-0400","2019-03-26 19:15:23.000-0400","623","2019-03-26","19:05:00","19:15:23"
"133","left","2019-03-26 21:35:00.000-0400","2019-03-26 21:55:02.000-0400","1202","2019-03-26","21:35:00","21:55:02"
"134","right","2019-03-26 22:25:00.000-0400","2019-03-26 22:35:37.000-0400","637","2019-03-26","22:25:00","22:35:37"
"135","right","2019-03-27 01:20:00.000-0400","2019-03-27 01:35:00.000-0400","900","2019-03-27","01:20:00","01:35:00"
"136","left","2019-03-27 01:45:00.000-0400","2019-03-27 01:55:04.000-0400","604","2019-03-27","01:45:00","01:55:04"
"137","left","2019-03-27 04:00:00.000-0400","2019-03-27 04:15:08.000-0400","908","2019-03-27","04:00:00","04:15:08"
"138","right","2019-03-27 04:25:00.000-0400","2019-03-27 04:40:03.000-0400","903","2019-03-27","04:25:00","04:40:03"
"139","right","2019-03-27 07:51:00.000-0400","2019-03-27 08:05:57.000-0400","897","2019-03-27","07:51:00","08:05:57"
"140","left","2019-03-27 08:09:00.000-0400","2019-03-27 08:25:24.000-0400","984","2019-03-27","08:09:00","08:25:24"
"141","right","2019-03-27 09:35:00.000-0400","2019-03-27 09:50:14.000-0400","914","2019-03-27","09:35:00","09:50:14"
"142","left","2019-03-27 09:55:00.000-0400","2019-03-27 10:05:28.000-0400","628","2019-03-27","09:55:00","10:05:28"
"143","right","2019-03-27 13:20:00.000-0400","2019-03-27 13:30:41.000-0400","641","2019-03-27","13:20:00","13:30:41"
"144","left","2019-03-27 13:42:00.000-0400","2019-03-27 14:00:25.000-0400","1105","2019-03-27","13:42:00","14:00:25"
"145","right","2019-03-27 17:05:00.000-0400","2019-03-27 17:25:41.000-0400","1241","2019-03-27","17:05:00","17:25:41"
"146","left","2019-03-27 17:30:00.000-0400","2019-03-27 17:40:47.000-0400","647","2019-03-27","17:30:00","17:40:47"
"147","left","2019-03-27 20:45:00.000-0400","2019-03-27 21:00:19.000-0400","919","2019-03-27","20:45:00","21:00:19"
"148","right","2019-03-27 21:15:00.000-0400","2019-03-27 21:35:08.000-0400","1208","2019-03-27","21:15:00","21:35:08"
"149","left","2019-03-27 22:55:00.000-0400","2019-03-27 23:10:23.000-0400","923","2019-03-27","22:55:00","23:10:23"
"150","right","2019-03-27 23:25:00.000-0400","2019-03-27 23:35:27.000-0400","627","2019-03-27","23:25:00","23:35:27"
"151","right","2019-03-28 02:15:00.000-0400","2019-03-28 02:35:07.000-0400","1207","2019-03-28","02:15:00","02:35:07"
"152","left","2019-03-28 02:49:00.000-0400","2019-03-28 03:05:27.000-0400","987","2019-03-28","02:49:00","03:05:27"
"153","left","2019-03-28 05:54:00.000-0400","2019-03-28 06:10:39.000-0400","999","2019-03-28","05:54:00","06:10:39"
"154","right","2019-03-28 06:20:00.000-0400","2019-03-28 06:40:59.000-0400","1259","2019-03-28","06:20:00","06:40:59"
"155","left","2019-03-28 09:30:00.000-0400","2019-03-28 09:45:23.000-0400","923","2019-03-28","09:30:00","09:45:23"
"156","right","2019-03-28 09:59:00.000-0400","2019-03-28 10:20:34.000-0400","1294","2019-03-28","09:59:00","10:20:34"
"157","left","2019-03-28 11:02:00.000-0400","2019-03-28 11:15:48.000-0400","828","2019-03-28","11:02:00","11:15:48"
"158","right","2019-03-28 11:25:00.000-0400","2019-03-28 11:35:37.000-0400","637","2019-03-28","11:25:00","11:35:37"
"159","left","2019-03-28 13:50:00.000-0400","2019-03-28 14:05:14.000-0400","914","2019-03-28","13:50:00","14:05:14"
"160","right","2019-03-28 16:21:00.000-0400","2019-03-28 16:40:18.000-0400","1158","2019-03-28","16:21:00","16:40:18"
"161","left","2019-03-28 17:04:00.000-0400","2019-03-28 17:15:30.000-0400","690","2019-03-28","17:04:00","17:15:30"
"162","right","2019-03-28 20:15:00.000-0400","2019-03-28 20:35:24.000-0400","1224","2019-03-28","20:15:00","20:35:24"
"163","left","2019-03-28 21:10:00.000-0400","2019-03-28 21:25:44.000-0400","944","2019-03-28","21:10:00","21:25:44"
"164","right","2019-03-28 22:15:00.000-0400","2019-03-28 22:40:01.000-0400","1501","2019-03-28","22:15:00","22:40:01"
"165","left","2019-03-28 23:15:00.000-0400","2019-03-28 23:35:24.000-0400","1224","2019-03-28","23:15:00","23:35:24"
"166","right","2019-03-29 03:10:00.000-0400","2019-03-29 03:30:25.000-0400","1225","2019-03-29","03:10:00","03:30:25"
"167","left","2019-03-29 06:10:00.000-0400","2019-03-29 06:30:32.000-0400","1232","2019-03-29","06:10:00","06:30:32"
"168","right","2019-03-29 09:45:00.000-0400","2019-03-29 09:55:58.000-0400","658","2019-03-29","09:45:00","09:55:58"
"169","left","2019-03-29 10:06:00.000-0400","2019-03-29 10:15:37.000-0400","577","2019-03-29","10:06:00","10:15:37"
"170","right","2019-03-29 12:28:00.000-0400","2019-03-29 12:40:30.000-0400","750","2019-03-29","12:28:00","12:40:30"
"171","left","2019-03-29 12:43:00.000-0400","2019-03-29 12:50:47.000-0400","467","2019-03-29","12:43:00","12:50:47"
"172","left","2019-03-29 13:40:00.000-0400","2019-03-29 13:50:33.000-0400","633","2019-03-29","13:40:00","13:50:33"
"173","right","2019-03-29 14:30:00.000-0400","2019-03-29 14:35:17.000-0400","317","2019-03-29","14:30:00","14:35:17"
"174","right","2019-03-29 16:20:00.000-0400","2019-03-29 16:40:41.000-0400","1241","2019-03-29","16:20:00","16:40:41"
"175","left","2019-03-29 17:00:00.000-0400","2019-03-29 17:15:36.000-0400","936","2019-03-29","17:00:00","17:15:36"
"176","left","2019-03-29 20:25:00.000-0400","2019-03-29 20:40:06.000-0400","906","2019-03-29","20:25:00","20:40:06"
"177","right","2019-03-29 22:23:00.000-0400","2019-03-29 22:50:19.000-0400","1639","2019-03-29","22:23:00","22:50:19"
"178","left","2019-03-29 23:20:00.000-0400","2019-03-29 23:35:23.000-0400","923","2019-03-29","23:20:00","23:35:23"
"179","right","2019-03-30 01:49:00.000-0400","2019-03-30 02:00:27.000-0400","687","2019-03-30","01:49:00","02:00:27"
"180","left","2019-03-30 02:20:00.000-0400","2019-03-30 02:35:15.000-0400","915","2019-03-30","02:20:00","02:35:15"
"181","right","2019-03-30 05:44:00.000-0400","2019-03-30 05:55:03.000-0400","663","2019-03-30","05:44:00","05:55:03"
"182","left","2019-03-30 05:59:00.000-0400","2019-03-30 06:10:36.000-0400","696","2019-03-30","05:59:00","06:10:36"
"183","right","2019-03-30 06:29:00.000-0400","2019-03-30 06:35:24.000-0400","384","2019-03-30","06:29:00","06:35:24"
"184","left","2019-03-30 08:45:00.000-0400","2019-03-30 08:55:11.000-0400","611","2019-03-30","08:45:00","08:55:11"
"185","right","2019-03-30 09:10:00.000-0400","2019-03-30 09:30:44.000-0400","1244","2019-03-30","09:10:00","09:30:44"
"186","left","2019-03-30 11:35:00.000-0400","2019-03-30 11:45:37.000-0400","637","2019-03-30","11:35:00","11:45:37"
"187","right","2019-03-30 11:51:00.000-0400","2019-03-30 12:10:56.000-0400","1196","2019-03-30","11:51:00","12:10:56"
"188","left","2019-03-30 13:00:00.000-0400","2019-03-30 13:10:42.000-0400","642","2019-03-30","13:00:00","13:10:42"
"189","right","2019-03-30 13:20:00.000-0400","2019-03-30 13:25:02.000-0400","302","2019-03-30","13:20:00","13:25:02"
"190","right","2019-03-30 13:55:00.000-0400","2019-03-30 14:10:04.000-0400","904","2019-03-30","13:55:00","14:10:04"
"191","left","2019-03-30 17:22:00.000-0400","2019-03-30 17:40:01.000-0400","1081","2019-03-30","17:22:00","17:40:01"
"192","right","2019-03-30 17:50:00.000-0400","2019-03-30 18:10:15.000-0400","1215","2019-03-30","17:50:00","18:10:15"
"193","left","2019-03-30 20:43:00.000-0400","2019-03-30 20:55:43.000-0400","763","2019-03-30","20:43:00","20:55:43"
"194","right","2019-03-30 21:06:00.000-0400","2019-03-30 21:35:30.000-0400","1770","2019-03-30","21:06:00","21:35:30"
"195","left","2019-03-30 23:20:00.000-0400","2019-03-30 23:40:12.000-0400","1212","2019-03-30","23:20:00","23:40:12"
"196","right","2019-03-30 23:51:00.000-0400","2019-03-31 00:00:54.000-0400","594","2019-03-30","23:51:00","00:00:54"
"197","right","2019-03-31 00:15:00.000-0400","2019-03-31 00:30:08.000-0400","908","2019-03-31","00:15:00","00:30:08"
"198","left","2019-03-31 02:33:00.000-0400","2019-03-31 02:50:37.000-0400","1057","2019-03-31","02:33:00","02:50:37"
"199","right","2019-03-31 03:05:00.000-0400","2019-03-31 03:15:05.000-0400","605","2019-03-31","03:05:00","03:15:05"
"200","right","2019-03-31 05:59:00.000-0400","2019-03-31 06:20:54.000-0400","1314","2019-03-31","05:59:00","06:20:54"
"201","left","2019-03-31 06:40:00.000-0400","2019-03-31 06:55:18.000-0400","918","2019-03-31","06:40:00","06:55:18"
"202","right","2019-03-31 09:11:00.000-0400","2019-03-31 09:25:13.000-0400","853","2019-03-31","09:11:00","09:25:13"
"203","left","2019-03-31 09:30:00.000-0400","2019-03-31 09:45:20.000-0400","920","2019-03-31","09:30:00","09:45:20"
"204","right","2019-03-31 11:27:00.000-0400","2019-03-31 11:35:56.000-0400","536","2019-03-31","11:27:00","11:35:56"
"205","left","2019-03-31 12:06:00.000-0400","2019-03-31 12:20:03.000-0400","843","2019-03-31","12:06:00","12:20:03"
"206","right","2019-03-31 12:53:00.000-0400","2019-03-31 13:05:02.000-0400","722","2019-03-31","12:53:00","13:05:02"
"207","left","2019-03-31 15:05:00.000-0400","2019-03-31 15:15:19.000-0400","619","2019-03-31","15:05:00","15:15:19"
"208","right","2019-03-31 15:34:00.000-0400","2019-03-31 15:50:26.000-0400","986","2019-03-31","15:34:00","15:50:26"
"209","left","2019-03-31 18:10:00.000-0400","2019-03-31 18:30:27.000-0400","1227","2019-03-31","18:10:00","18:30:27"
"210","right","2019-03-31 19:35:00.000-0400","2019-03-31 19:50:39.000-0400","939","2019-03-31","19:35:00","19:50:39"
"211","left","2019-03-31 21:05:00.000-0400","2019-03-31 21:20:34.000-0400","934","2019-03-31","21:05:00","21:20:34"
"212","right","2019-03-31 21:31:00.000-0400","2019-03-31 21:40:53.000-0400","593","2019-03-31","21:31:00","21:40:53"
"213","left","2019-03-31 22:10:00.000-0400","2019-03-31 22:20:51.000-0400","651","2019-03-31","22:10:00","22:20:51"
"214","right","2019-04-01 00:16:00.000-0400","2019-04-01 00:25:59.000-0400","599","2019-04-01","00:16:00","00:25:59"
"215","left","2019-04-01 00:43:00.000-0400","2019-04-01 00:55:01.000-0400","721","2019-04-01","00:43:00","00:55:01"
"216","right","2019-04-01 03:20:00.000-0400","2019-04-01 03:35:27.000-0400","927","2019-04-01","03:20:00","03:35:27"
"217","left","2019-04-01 03:50:00.000-0400","2019-04-01 04:05:36.000-0400","936","2019-04-01","03:50:00","04:05:36"
"218","right","2019-04-01 06:26:00.000-0400","2019-04-01 06:35:40.000-0400","580","2019-04-01","06:26:00","06:35:40"
"219","left","2019-04-01 06:51:00.000-0400","2019-04-01 07:10:35.000-0400","1175","2019-04-01","06:51:00","07:10:35"
"220","right","2019-04-01 08:55:00.000-0400","2019-04-01 09:00:30.000-0400","330","2019-04-01","08:55:00","09:00:30"
"221","left","2019-04-01 09:21:00.000-0400","2019-04-01 09:35:53.000-0400","893","2019-04-01","09:21:00","09:35:53"
"222","right","2019-04-01 11:45:00.000-0400","2019-04-01 12:00:31.000-0400","931","2019-04-01","11:45:00","12:00:31"
"223","left","2019-04-01 12:15:00.000-0400","2019-04-01 12:25:18.000-0400","618","2019-04-01","12:15:00","12:25:18"
"224","right","2019-04-01 13:17:00.000-0400","2019-04-01 13:30:29.000-0400","809","2019-04-01","13:17:00","13:30:29"
"225","left","2019-04-01 14:05:00.000-0400","2019-04-01 14:15:16.000-0400","616","2019-04-01","14:05:00","14:15:16"
"226","right","2019-04-01 14:45:00.000-0400","2019-04-01 15:00:38.000-0400","938","2019-04-01","14:45:00","15:00:38"
"227","left","2019-04-01 17:13:00.000-0400","2019-04-01 17:25:22.000-0400","742","2019-04-01","17:13:00","17:25:22"
"228","right","2019-04-01 18:17:00.000-0400","2019-04-01 18:30:50.000-0400","830","2019-04-01","18:17:00","18:30:50"
"229","left","2019-04-01 18:50:00.000-0400","2019-04-01 19:15:48.000-0400","1548","2019-04-01","18:50:00","19:15:48"
"230","right","2019-04-01 22:20:00.000-0400","2019-04-01 22:30:13.000-0400","613","2019-04-01","22:20:00","22:30:13"
"231","left","2019-04-01 22:33:00.000-0400","2019-04-01 22:50:27.000-0400","1047","2019-04-01","22:33:00","22:50:27"
"232","right","2019-04-02 01:25:00.000-0400","2019-04-02 01:40:54.000-0400","954","2019-04-02","01:25:00","01:40:54"
"233","left","2019-04-02 01:58:00.000-0400","2019-04-02 02:10:51.000-0400","771","2019-04-02","01:58:00","02:10:51"
"234","right","2019-04-02 04:58:00.000-0400","2019-04-02 05:10:12.000-0400","732","2019-04-02","04:58:00","05:10:12"
"235","left","2019-04-02 05:30:00.000-0400","2019-04-02 05:40:34.000-0400","634","2019-04-02","05:30:00","05:40:34"
"236","right","2019-04-02 08:20:00.000-0400","2019-04-02 08:35:05.000-0400","905","2019-04-02","08:20:00","08:35:05"
"237","left","2019-04-02 08:59:00.000-0400","2019-04-02 09:10:32.000-0400","692","2019-04-02","08:59:00","09:10:32"
"238","right","2019-04-02 11:46:00.000-0400","2019-04-02 11:55:50.000-0400","590","2019-04-02","11:46:00","11:55:50"
"239","left","2019-04-02 12:00:00.000-0400","2019-04-02 12:10:45.000-0400","645","2019-04-02","12:00:00","12:10:45"
"240","right","2019-04-02 12:35:00.000-0400","2019-04-02 12:50:53.000-0400","953","2019-04-02","12:35:00","12:50:53"
"241","left","2019-04-02 13:15:00.000-0400","2019-04-02 13:20:25.000-0400","325","2019-04-02","13:15:00","13:20:25"
"242","right","2019-04-02 15:30:00.000-0400","2019-04-02 15:55:26.000-0400","1526","2019-04-02","15:30:00","15:55:26"
"243","left","2019-04-02 16:21:00.000-0400","2019-04-02 16:35:52.000-0400","892","2019-04-02","16:21:00","16:35:52"
"244","left","2019-04-02 20:25:00.000-0400","2019-04-02 20:35:36.000-0400","636","2019-04-02","20:25:00","20:35:36"
"245","right","2019-04-02 21:02:00.000-0400","2019-04-02 21:25:56.000-0400","1436","2019-04-02","21:02:00","21:25:56"
"246","left","2019-04-02 22:37:00.000-0400","2019-04-02 22:50:11.000-0400","791","2019-04-02","22:37:00","22:50:11"
"247","right","2019-04-02 23:07:00.000-0400","2019-04-02 23:15:56.000-0400","536","2019-04-02","23:07:00","23:15:56"
"248","left","2019-04-03 01:50:00.000-0400","2019-04-03 02:05:53.000-0400","953","2019-04-03","01:50:00","02:05:53"
"249","right","2019-04-03 02:25:00.000-0400","2019-04-03 02:45:28.000-0400","1228","2019-04-03","02:25:00","02:45:28"
"250","left","2019-04-03 03:30:00.000-0400","2019-04-03 03:40:18.000-0400","618","2019-04-03","03:30:00","03:40:18"
"251","right","2019-04-03 05:55:00.000-0400","2019-04-03 06:05:24.000-0400","624","2019-04-03","05:55:00","06:05:24"
"252","left","2019-04-03 06:30:00.000-0400","2019-04-03 06:40:01.000-0400","601","2019-04-03","06:30:00","06:40:01"
"253","right","2019-04-03 08:50:00.000-0400","2019-04-03 09:10:50.000-0400","1250","2019-04-03","08:50:00","09:10:50"
"254","left","2019-04-03 09:15:00.000-0400","2019-04-03 09:25:02.000-0400","602","2019-04-03","09:15:00","09:25:02"
"255","right","2019-04-03 11:54:00.000-0400","2019-04-03 12:05:59.000-0400","719","2019-04-03","11:54:00","12:05:59"
"256","left","2019-04-03 12:13:00.000-0400","2019-04-03 12:20:11.000-0400","431","2019-04-03","12:13:00","12:20:11"
"257","right","2019-04-03 13:25:00.000-0400","2019-04-03 13:35:37.000-0400","637","2019-04-03","13:25:00","13:35:37"
"258","left","2019-04-03 13:41:00.000-0400","2019-04-03 13:55:53.000-0400","893","2019-04-03","13:41:00","13:55:53"
"259","right","2019-04-03 14:26:00.000-0400","2019-04-03 14:35:44.000-0400","584","2019-04-03","14:26:00","14:35:44"
"260","left","2019-04-03 17:36:00.000-0400","2019-04-03 17:55:47.000-0400","1187","2019-04-03","17:36:00","17:55:47"
"261","right","2019-04-03 18:09:00.000-0400","2019-04-03 18:30:59.000-0400","1319","2019-04-03","18:09:00","18:30:59"
"262","left","2019-04-03 19:52:00.000-0400","2019-04-03 20:05:32.000-0400","812","2019-04-03","19:52:00","20:05:32"
"263","right","2019-04-03 20:11:00.000-0400","2019-04-03 20:25:40.000-0400","880","2019-04-03","20:11:00","20:25:40"
"264","left","2019-04-03 20:55:00.000-0400","2019-04-03 21:15:07.000-0400","1207","2019-04-03","20:55:00","21:15:07"
"265","right","2019-04-03 21:25:00.000-0400","2019-04-03 21:40:39.000-0400","939","2019-04-03","21:25:00","21:40:39"
"266","left","2019-04-03 22:25:00.000-0400","2019-04-03 22:35:32.000-0400","632","2019-04-03","22:25:00","22:35:32"
"267","right","2019-04-04 01:50:00.000-0400","2019-04-04 02:10:28.000-0400","1228","2019-04-04","01:50:00","02:10:28"
"268","left","2019-04-04 02:27:00.000-0400","2019-04-04 02:40:55.000-0400","835","2019-04-04","02:27:00","02:40:55"
"269","right","2019-04-04 05:51:00.000-0400","2019-04-04 06:05:14.000-0400","854","2019-04-04","05:51:00","06:05:14"
"270","left","2019-04-04 06:21:00.000-0400","2019-04-04 06:30:00.000-0400","540","2019-04-04","06:21:00","06:30:00"
"271","left","2019-04-04 08:49:00.000-0400","2019-04-04 09:10:23.000-0400","1283","2019-04-04","08:49:00","09:10:23"
"272","right","2019-04-04 09:36:00.000-0400","2019-04-04 09:45:38.000-0400","578","2019-04-04","09:36:00","09:45:38"
"273","right","2019-04-04 11:31:00.000-0400","2019-04-04 11:40:41.000-0400","581","2019-04-04","11:31:00","11:40:41"
"274","left","2019-04-04 11:45:00.000-0400","2019-04-04 12:00:00.000-0400","900","2019-04-04","11:45:00","12:00:00"
"275","right","2019-04-04 12:30:00.000-0400","2019-04-04 12:45:58.000-0400","958","2019-04-04","12:30:00","12:45:58"
"276","left","2019-04-04 12:50:00.000-0400","2019-04-04 13:00:22.000-0400","622","2019-04-04","12:50:00","13:00:22"
"277","right","2019-04-04 16:01:00.000-0400","2019-04-04 16:15:58.000-0400","898","2019-04-04","16:01:00","16:15:58"
"278","left","2019-04-04 16:20:00.000-0400","2019-04-04 16:35:44.000-0400","944","2019-04-04","16:20:00","16:35:44"
"279","left","2019-04-04 19:38:00.000-0400","2019-04-04 19:55:45.000-0400","1065","2019-04-04","19:38:00","19:55:45"
"280","right","2019-04-04 20:00:00.000-0400","2019-04-04 20:10:13.000-0400","613","2019-04-04","20:00:00","20:10:13"
"281","right","2019-04-04 20:55:00.000-0400","2019-04-04 21:05:41.000-0400","641","2019-04-04","20:55:00","21:05:41"
"282","left","2019-04-04 21:10:00.000-0400","2019-04-04 21:25:36.000-0400","936","2019-04-04","21:10:00","21:25:36"
"283","right","2019-04-04 22:25:00.000-0400","2019-04-04 22:35:32.000-0400","632","2019-04-04","22:25:00","22:35:32"
"284","left","2019-04-04 22:50:00.000-0400","2019-04-04 23:05:05.000-0400","905","2019-04-04","22:50:00","23:05:05"
"285","right","2019-04-05 01:40:00.000-0400","2019-04-05 01:55:05.000-0400","905","2019-04-05","01:40:00","01:55:05"
"286","left","2019-04-05 02:15:00.000-0400","2019-04-05 02:20:51.000-0400","351","2019-04-05","02:15:00","02:20:51"
"287","left","2019-04-05 04:26:00.000-0400","2019-04-05 04:40:41.000-0400","881","2019-04-05","04:26:00","04:40:41"
"288","right","2019-04-05 05:03:00.000-0400","2019-04-05 05:15:29.000-0400","749","2019-04-05","05:03:00","05:15:29"
"289","left","2019-04-05 07:05:00.000-0400","2019-04-05 07:20:16.000-0400","916","2019-04-05","07:05:00","07:20:16"
"290","right","2019-04-05 07:30:00.000-0400","2019-04-05 07:35:00.000-0400","300","2019-04-05","07:30:00","07:35:00"
"291","right","2019-04-05 08:05:00.000-0400","2019-04-05 08:15:52.000-0400","652","2019-04-05","08:05:00","08:15:52"
"292","left","2019-04-05 09:26:00.000-0400","2019-04-05 09:45:59.000-0400","1199","2019-04-05","09:26:00","09:45:59"
"293","right","2019-04-05 11:54:00.000-0400","2019-04-05 12:05:01.000-0400","661","2019-04-05","11:54:00","12:05:01"
"294","left","2019-04-05 12:13:00.000-0400","2019-04-05 12:20:07.000-0400","427","2019-04-05","12:13:00","12:20:07"
"295","left","2019-04-05 12:43:00.000-0400","2019-04-05 12:50:17.000-0400","437","2019-04-05","12:43:00","12:50:17"
"296","right","2019-04-05 13:43:00.000-0400","2019-04-05 14:05:45.000-0400","1365","2019-04-05","13:43:00","14:05:45"
"297","left","2019-04-05 14:15:00.000-0400","2019-04-05 14:30:10.000-0400","910","2019-04-05","14:15:00","14:30:10"
"298","right","2019-04-05 15:31:00.000-0400","2019-04-05 15:40:48.000-0400","588","2019-04-05","15:31:00","15:40:48"
"299","left","2019-04-05 16:20:00.000-0400","2019-04-05 16:35:03.000-0400","903","2019-04-05","16:20:00","16:35:03"
"300","right","2019-04-05 17:15:00.000-0400","2019-04-05 17:35:06.000-0400","1206","2019-04-05","17:15:00","17:35:06"
"301","left","2019-04-05 20:25:00.000-0400","2019-04-05 20:45:38.000-0400","1238","2019-04-05","20:25:00","20:45:38"
"302","right","2019-04-05 21:49:00.000-0400","2019-04-05 21:55:03.000-0400","363","2019-04-05","21:49:00","21:55:03"
"303","right","2019-04-05 22:35:00.000-0400","2019-04-05 22:45:33.000-0400","633","2019-04-05","22:35:00","22:45:33"
"304","left","2019-04-06 00:40:00.000-0400","2019-04-06 00:50:29.000-0400","629","2019-04-06","00:40:00","00:50:29"
"305","right","2019-04-06 01:06:00.000-0400","2019-04-06 01:20:00.000-0400","840","2019-04-06","01:06:00","01:20:00"
"306","left","2019-04-06 04:03:00.000-0400","2019-04-06 04:15:28.000-0400","748","2019-04-06","04:03:00","04:15:28"
"307","right","2019-04-06 04:22:00.000-0400","2019-04-06 04:35:59.000-0400","839","2019-04-06","04:22:00","04:35:59"
"308","left","2019-04-06 05:40:00.000-0400","2019-04-06 05:50:22.000-0400","622","2019-04-06","05:40:00","05:50:22"
"309","right","2019-04-06 08:24:00.000-0400","2019-04-06 08:40:52.000-0400","1012","2019-04-06","08:24:00","08:40:52"
"310","left","2019-04-06 08:59:00.000-0400","2019-04-06 09:10:36.000-0400","696","2019-04-06","08:59:00","09:10:36"
"311","right","2019-04-06 11:51:00.000-0400","2019-04-06 12:15:46.000-0400","1486","2019-04-06","11:51:00","12:15:46"
"312","left","2019-04-06 14:25:00.000-0400","2019-04-06 14:35:13.000-0400","613","2019-04-06","14:25:00","14:35:13"
"313","right","2019-04-06 16:25:00.000-0400","2019-04-06 16:40:48.000-0400","948","2019-04-06","16:25:00","16:40:48"
"314","left","2019-04-06 18:26:00.000-0400","2019-04-06 18:40:28.000-0400","868","2019-04-06","18:26:00","18:40:28"
"315","right","2019-04-06 18:56:00.000-0400","2019-04-06 19:05:32.000-0400","572","2019-04-06","18:56:00","19:05:32"
"316","left","2019-04-06 19:40:00.000-0400","2019-04-06 19:55:09.000-0400","909","2019-04-06","19:40:00","19:55:09"
"317","right","2019-04-06 21:01:00.000-0400","2019-04-06 21:15:08.000-0400","848","2019-04-06","21:01:00","21:15:08"
"318","left","2019-04-06 21:25:00.000-0400","2019-04-06 21:35:44.000-0400","644","2019-04-06","21:25:00","21:35:44"
"319","right","2019-04-06 22:12:00.000-0400","2019-04-06 22:20:52.000-0400","532","2019-04-06","22:12:00","22:20:52"
"320","left","2019-04-06 23:55:00.000-0400","2019-04-07 00:10:34.000-0400","934","2019-04-06","23:55:00","00:10:34"
"321","right","2019-04-07 02:13:00.000-0400","2019-04-07 02:30:50.000-0400","1070","2019-04-07","02:13:00","02:30:50"
"322","left","2019-04-07 02:50:00.000-0400","2019-04-07 03:00:29.000-0400","629","2019-04-07","02:50:00","03:00:29"
"323","left","2019-04-07 05:00:00.000-0400","2019-04-07 05:10:00.000-0400","600","2019-04-07","05:00:00","05:10:00"
"324","right","2019-04-07 07:21:00.000-0400","2019-04-07 07:40:38.000-0400","1178","2019-04-07","07:21:00","07:40:38"
"325","left","2019-04-07 07:48:00.000-0400","2019-04-07 08:00:47.000-0400","767","2019-04-07","07:48:00","08:00:47"
"326","left","2019-04-07 09:33:00.000-0400","2019-04-07 09:45:15.000-0400","735","2019-04-07","09:33:00","09:45:15"
"327","right","2019-04-07 09:50:00.000-0400","2019-04-07 10:00:13.000-0400","613","2019-04-07","09:50:00","10:00:13"
"328","right","2019-04-07 12:54:00.000-0400","2019-04-07 13:10:25.000-0400","985","2019-04-07","12:54:00","13:10:25"
"329","left","2019-04-07 13:15:00.000-0400","2019-04-07 13:30:17.000-0400","917","2019-04-07","13:15:00","13:30:17"
"330","right","2019-04-07 15:00:00.000-0400","2019-04-07 15:10:20.000-0400","620","2019-04-07","15:00:00","15:10:20"
"331","left","2019-04-07 15:27:00.000-0400","2019-04-07 15:35:54.000-0400","534","2019-04-07","15:27:00","15:35:54"
"332","left","2019-04-07 16:03:00.000-0400","2019-04-07 16:15:23.000-0400","743","2019-04-07","16:03:00","16:15:23"
"333","right","2019-04-07 19:10:00.000-0400","2019-04-07 19:25:12.000-0400","912","2019-04-07","19:10:00","19:25:12"
"334","left","2019-04-07 19:40:00.000-0400","2019-04-07 19:50:27.000-0400","627","2019-04-07","19:40:00","19:50:27"
"335","left","2019-04-07 20:30:00.000-0400","2019-04-07 20:45:45.000-0400","945","2019-04-07","20:30:00","20:45:45"
"336","right","2019-04-07 21:00:00.000-0400","2019-04-07 21:10:49.000-0400","649","2019-04-07","21:00:00","21:10:49"
"337","left","2019-04-07 22:11:00.000-0400","2019-04-07 22:20:59.000-0400","599","2019-04-07","22:11:00","22:20:59"
"338","right","2019-04-07 22:41:00.000-0400","2019-04-07 22:50:15.000-0400","555","2019-04-07","22:41:00","22:50:15"
"339","left","2019-04-08 01:32:00.000-0400","2019-04-08 01:45:43.000-0400","823","2019-04-08","01:32:00","01:45:43"
"340","right","2019-04-08 01:58:00.000-0400","2019-04-08 02:05:10.000-0400","430","2019-04-08","01:58:00","02:05:10"
"341","left","2019-04-08 04:25:00.000-0400","2019-04-08 04:45:00.000-0400","1200","2019-04-08","04:25:00","04:45:00"
"342","right","2019-04-08 05:03:00.000-0400","2019-04-08 05:10:38.000-0400","458","2019-04-08","05:03:00","05:10:38"
"343","right","2019-04-08 07:55:00.000-0400","2019-04-08 08:15:44.000-0400","1244","2019-04-08","07:55:00","08:15:44"
"344","left","2019-04-08 08:30:00.000-0400","2019-04-08 08:40:32.000-0400","632","2019-04-08","08:30:00","08:40:32"
"345","left","2019-04-08 09:20:00.000-0400","2019-04-08 09:25:36.000-0400","336","2019-04-08","09:20:00","09:25:36"
